ID,Target Pressure (bar)
0,0.08748627
1,0.07382761
2,0.07361872
3,0.076488495
4,0.05961766
5,0.06356637
6,0.05535104
7,0.05611825
8,0.07465064
9,0.64892673
10,0.3884113
11,0.28938016
12,0.8756703
13,0.649499
14,0.41381097
15,0.5800969
16,0.4013387
17,0.28313768
18,0.24749888
19,0.198822
20,0.14238323
21,0.11012676
22,0.12438707
23,0.12596339
24,0.218462
25,0.18492313
26,0.13550831
27,0.11217485
28,0.11209655
29,0.19138204
30,0.13864638
31,0.096311465
32,0.073255934
33,0.0563517
34,0.055854023
35,0.09031435
36,0.6704321
37,0.6247157
38,0.59580296
39,0.76437974
40,0.69999754
41,0.5889924
42,0.30774543
43,0.2787115
44,0.27926257
45,0.2627401
46,0.272993
47,0.24598818
48,0.25146195
49,0.26019445
50,0.14068793
51,0.116246745
52,0.11567018
53,0.13275968
54,0.09311962
55,0.09355904
56,0.118168905
57,0.058416083
58,0.04898191
59,0.046945162
60,0.0392479
61,0.03863462
62,0.063201055
63,0.37464625
64,0.37692553
65,0.34790123
66,0.43772587
67,0.4168424
68,0.3807242
69,0.28211215
70,0.27208424
71,0.26599586
72,0.2501093
73,0.2505159
74,0.23013683
75,0.16267462
76,0.13586383
77,0.10956672
78,0.085469484
79,0.08693908
80,0.0976761
81,0.1296725
82,0.11468363
83,0.10328084
84,0.06507135
85,0.060667735
86,0.054932233
87,0.05845414
88,0.052774232
89,0.06136682
90,0.6350522
91,0.39704138
92,0.26497257
93,0.67515254
94,0.40808612
95,0.26593268
96,0.5493715
97,0.40382987
98,0.2536105
99,0.39008337
100,0.29088104
101,0.207712
102,0.11140275
103,0.08260187
104,0.09565555
105,0.16390368
106,0.11815598
107,0.09238987
108,0.33188474
109,0.34303352
110,0.37624812
111,0.26525852
112,0.28365976
113,0.24889994
114,0.21882266
115,0.12376301
116,0.15715718
117,0.43227592
118,0.45039877
119,0.43558124
120,0.47314966
121,0.42941603
122,0.3957377
123,0.29943058
124,0.32558244
125,0.28336295
126,0.33755162
127,0.35556728
128,0.3426493
129,0.29009923
130,0.1289029
131,0.12320483
132,0.1587256
133,0.10641713
134,0.10388613
135,0.16192847
136,0.15454534
137,0.18385625
138,0.19304223
139,0.16501862
140,0.122666866
141,0.10686949
142,0.098741926
143,0.1502047
144,0.8822838
145,0.8135091
146,0.6874292
147,0.87978196
148,0.8069674
149,0.6574093
150,0.8765533
151,0.7569374
152,0.5992807
153,0.6531946
154,0.5341923
155,0.33474392
156,0.26686907
157,0.24982475
158,0.25484768
159,0.4177032
160,0.32913613
161,0.26302728
162,0.12293796
163,0.12349422
164,0.16228478
165,0.1325733
166,0.124313444
167,0.100112125
168,0.08935341
169,0.08981726
170,0.15288721
171,0.5697242
172,0.57990324
173,0.5297853
174,0.6554902
175,0.59747595
176,0.4995687
177,0.48963958
178,0.5067888
179,0.5038621
180,0.3398789
181,0.33878908
182,0.30672792
183,0.25038692
184,0.25574324
185,0.22969516
186,0.20945542
187,0.20391354
188,0.22111844
189,0.06450662
190,0.06544012
191,0.06533061
192,0.03432286
193,0.036888827
194,0.03646805
195,0.029124286
196,0.028502122
197,0.03381759
198,0.28645945
199,0.2589607
200,0.18194059
201,0.23731266
202,0.20717208
203,0.13363695
204,0.12400396
205,0.10941529
206,0.09533617
207,0.12363711
208,0.13278185
209,0.087558225
210,0.061147258
211,0.049464602
212,0.04455976
213,0.042663146
214,0.042123225
215,0.04384122
216,0.10034199
217,0.0959011
218,0.08053368
219,0.07695691
220,0.07401118
221,0.068271056
222,0.05668755
223,0.05851942
224,0.06122478
225,0.4855567
226,0.40154982
227,0.23218453
228,0.57502043
229,0.40873045
230,0.2478186
231,0.42712992
232,0.34017825
233,0.20172122
234,0.28510138
235,0.2626568
236,0.14020446
237,0.101442285
238,0.073495075
239,0.08398864
240,0.15567502
241,0.12667817
242,0.08450057
243,0.12860906
244,0.1075058
245,0.0830618
246,0.05996497
247,0.045231957
248,0.04014027
249,0.047102597
250,0.037960023
251,0.041619264
252,0.68009335
253,0.327336
254,0.2113937
255,0.72204393
256,0.30369976
257,0.19853432
258,0.44673026
259,0.23539193
260,0.15588087
261,0.37234068
262,0.2391585
263,0.13540944
264,0.092705175
265,0.06437827
266,0.05857127
267,0.12588696
268,0.08319836
269,0.06359437
270,0.29734346
271,0.29399982
272,0.36380962
273,0.2997825
274,0.2563833
275,0.17838016
276,0.12326436
277,0.12625992
278,0.21213649
279,0.8908566
280,0.8855243
281,0.88659227
282,0.89596033
283,0.89555997
284,0.8928081
285,0.8877418
286,0.8856584
287,0.8840183
288,0.8082384
289,0.8606712
290,0.8253908
291,0.6206704
292,0.5922301
293,0.45880783
294,0.41607356
295,0.371345
296,0.43025333
297,0.11586994
298,0.10598577
299,0.10771503
300,0.06590404
301,0.057606786
302,0.049578525
303,0.046457775
304,0.04107728
305,0.05273627
306,0.5479381
307,0.4286155
308,0.3157646
309,0.53010595
310,0.4026088
311,0.31919378
312,0.32683775
313,0.24255076
314,0.21195413
315,0.31980425
316,0.2663484
317,0.18462358
318,0.1333001
319,0.11657769
320,0.088264674
321,0.14055285
322,0.10272418
323,0.08950175
324,0.10358262
325,0.09357335
326,0.08768892
327,0.046838462
328,0.048856236
329,0.039700795
330,0.038633004
331,0.036157746
332,0.041963134
333,0.4099233
334,0.3629232
335,0.25281927
336,0.39122105
337,0.31934115
338,0.20176648
339,0.29262298
340,0.23518607
341,0.15848614
342,0.28366938
343,0.2854619
344,0.18972458
345,0.16896904
346,0.08206872
347,0.06446242
348,0.15514381
349,0.0832258
350,0.06406555
351,0.11486433
352,0.118608885
353,0.11992395
354,0.07153458
355,0.0796936
356,0.07854069
357,0.058084708
358,0.058249716
359,0.072325185
360,0.5017966
361,0.5108681
362,0.38958418
363,0.44630867
364,0.4490719
365,0.34553137
366,0.35251293
367,0.38733703
368,0.30373186
369,0.32077086
370,0.34581572
371,0.23965849
372,0.11445421
373,0.08803488
374,0.09135402
375,0.08668261
376,0.091469884
377,0.09161319
378,0.1648625
379,0.16320634
380,0.19027843
381,0.17365383
382,0.1539961
383,0.12916367
384,0.10386166
385,0.108921714
386,0.15876505
387,0.8870863
388,0.8836733
389,0.8807771
390,0.893033
391,0.8899315
392,0.8885244
393,0.88381934
394,0.87970793
395,0.8783647
396,0.5455333
397,0.62911916
398,0.5553203
399,0.36634073
400,0.35666972
401,0.33807516
402,0.36744022
403,0.32579857
404,0.33725423
405,0.11438735
406,0.11585325
407,0.19603449
408,0.121993184
409,0.09262784
410,0.072507344
411,0.055787735
412,0.056278512
413,0.09345265
414,0.65407485
415,0.6535988
416,0.6300658
417,0.7088996
418,0.6503652
419,0.5298397
420,0.3511287
421,0.35113978
422,0.33087036
423,0.35258567
424,0.36246675
425,0.31132174
426,0.31901982
427,0.23937598
428,0.13974355
429,0.1344286
430,0.13637015
431,0.13784586
432,0.05662584
433,0.052944705
434,0.05618926
435,0.04053416
436,0.03876971
437,0.038144335
438,0.039742973
439,0.03757271
440,0.060836375
441,0.26803645
442,0.2539163
443,0.19498757
444,0.30662087
445,0.2701012
446,0.21153517
447,0.26469022
448,0.2570356
449,0.19720027
450,0.20047216
451,0.18781096
452,0.14853126
453,0.10422853
454,0.09516061
455,0.091619104
456,0.09731951
457,0.090029724
458,0.08446808
459,0.1444436
460,0.14299677
461,0.14763379
462,0.09993921
463,0.096334435
464,0.091795176
465,0.06513346
466,0.06537633
467,0.08000922
468,0.4461736
469,0.44897434
470,0.35099065
471,0.51148975
472,0.46372473
473,0.32765388
474,0.45518875
475,0.43332034
476,0.32285067
477,0.39164537
478,0.40398926
479,0.33221945
480,0.18317465
481,0.1358102
482,0.14760041
483,0.19751807
484,0.18514974
485,0.15531085
486,0.104987994
487,0.10413149
488,0.1456759
489,0.05653867
490,0.047889877
491,0.040727362
492,0.033008154
493,0.030421032
494,0.04998394
495,0.46441576
496,0.45458132
497,0.40335864
498,0.36338857
499,0.32450083
500,0.25429183
501,0.2218678
502,0.20442787
503,0.18245597
504,0.30767965
505,0.3253004
506,0.28540042
507,0.1994576
508,0.10234046
509,0.0641896
510,0.054788128
511,0.052378155
512,0.059787802
513,0.09019908
514,0.080569915
515,0.07421966
516,0.04035794
517,0.037553683
518,0.038630538
519,0.031746935
520,0.032538317
521,0.038655505
522,0.61008346
523,0.35937116
524,0.21533231
525,0.8039408
526,0.48754615
527,0.2824606
528,0.3239264
529,0.25906283
530,0.14802144
531,0.24666251
532,0.185865
533,0.11729647
534,0.079856835
535,0.07441791
536,0.05992878
537,0.08231187
538,0.07445098
539,0.06329855
540,0.1675182
541,0.17762159
542,0.23505466
543,0.18350476
544,0.14938697
545,0.10806793
546,0.07690851
547,0.07882589
548,0.13826184
549,0.88618076
550,0.8822473
551,0.87543255
552,0.8848511
553,0.8811783
554,0.86193454
555,0.60724556
556,0.5467917
557,0.5649847
558,0.6265005
559,0.640417
560,0.6046773
561,0.3737254
562,0.30459833
563,0.22159623
564,0.15896592
565,0.1543309
566,0.20855774
567,0.050241876
568,0.055093408
569,0.058835283
570,0.024314467
571,0.027839452
572,0.030259233
573,0.02028298
574,0.020426411
575,0.03292673
576,0.18218577
577,0.19156252
578,0.14078012
579,0.17452253
580,0.18973558
581,0.14511164
582,0.11779875
583,0.12703368
584,0.111489564
585,0.10842225
586,0.123426735
587,0.09486042
588,0.07164959
589,0.052864768
590,0.046777487
591,0.043116264
592,0.042866483
593,0.045266468
594,0.113182366
595,0.11825453
596,0.12046017
597,0.060662206
598,0.06374641
599,0.07005235
600,0.049971107
601,0.051482923
602,0.059881497
603,0.5390447
604,0.58583486
605,0.41841513
606,0.6256146
607,0.61919177
608,0.38234478
609,0.37706518
610,0.39259496
611,0.27380955
612,0.3437907
613,0.35951447
614,0.25470203
615,0.17200406
616,0.11423223
617,0.10315937
618,0.14375104
619,0.14209321
620,0.10723953
621,0.15530702
622,0.13074683
623,0.11126283
624,0.15632872
625,0.1354526
626,0.11839552
627,0.124188974
628,0.104492396
629,0.10821672
630,0.7821859
631,0.5243092
632,0.22761421
633,0.81507176
634,0.52625626
635,0.23691176
636,0.6483339
637,0.49721035
638,0.21361734
639,0.55523777
640,0.33491442
641,0.1499445
642,0.11681901
643,0.104428306
644,0.11470038
645,0.27753863
646,0.16552956
647,0.121046215
648,0.10194354
649,0.103409186
650,0.14277115
651,0.09446642
652,0.07307662
653,0.06255029
654,0.05621211
655,0.054868866
656,0.100112095
657,0.4537061
658,0.47164237
659,0.43370825
660,0.39567924
661,0.40670508
662,0.37025362
663,0.33633292
664,0.3314242
665,0.32450014
666,0.27333716
667,0.2792332
668,0.2425433
669,0.2386881
670,0.171443
671,0.155428
672,0.13153286
673,0.13067782
674,0.14039059
675,0.22769466
676,0.18215427
677,0.15986101
678,0.1919817
679,0.1639025
680,0.1391637
681,0.11059897
682,0.10390502
683,0.11710657
684,0.8913433
685,0.84019274
686,0.42699075
687,0.8866868
688,0.7903894
689,0.40146327
690,0.87373877
691,0.62943673
692,0.36154777
693,0.73586303
694,0.58578646
695,0.3676371
696,0.15945771
697,0.12167513
698,0.12667842
699,0.3124288
700,0.21491703
701,0.13196948
702,0.120887846
703,0.10583125
704,0.08388792
705,0.064818725
706,0.05442339
707,0.048338808
708,0.045103747
709,0.038029976
710,0.038339783
711,0.8809274
712,0.48645666
713,0.29938194
714,0.8709209
715,0.444748
716,0.28804907
717,0.49553734
718,0.25115243
719,0.18467376
720,0.371898
721,0.26733068
722,0.15541168
723,0.09458137
724,0.06236581
725,0.054648582
726,0.09101662
727,0.06652329
728,0.054995008
729,0.14550142
730,0.14539237
731,0.18613355
732,0.193564
733,0.18907517
734,0.15375526
735,0.11330375
736,0.11790945
737,0.17862368
738,0.8249471
739,0.8445655
740,0.77435184
741,0.8344294
742,0.8750421
743,0.81126505
744,0.73258346
745,0.8116329
746,0.7480172
747,0.5340915
748,0.52209955
749,0.45105517
750,0.35543025
751,0.3220883
752,0.31411004
753,0.37218398
754,0.35757738
755,0.34213865
756,0.21755724
757,0.21670629
758,0.32522136
759,0.21855369
760,0.1919753
761,0.12915288
762,0.10902956
763,0.109438494
764,0.20416918
765,0.8866562
766,0.8888209
767,0.8869816
768,0.88343596
769,0.88327557
770,0.88163173
771,0.8567327
772,0.8768892
773,0.873377
774,0.7487277
775,0.8027787
776,0.80560935
777,0.5419483
778,0.47121954
779,0.3862356
780,0.3230617
781,0.32822096
782,0.37642878
783,0.095728725
784,0.087509915
785,0.06674528
786,0.05659966
787,0.05422894
788,0.048954234
789,0.0467359
790,0.042127825
791,0.04306522
792,0.45951143
793,0.3746459
794,0.1870356
795,0.48552716
796,0.39973867
797,0.20117758
798,0.37308913
799,0.30084664
800,0.16130914
801,0.2821687
802,0.19990663
803,0.11620883
804,0.07253301
805,0.056354783
806,0.057679884
807,0.15353137
808,0.092844844
809,0.061072454
810,0.09943369
811,0.10408464
812,0.13224244
813,0.072925225
814,0.06848392
815,0.065538615
816,0.055717353
817,0.056420952
818,0.09275341
819,0.46906298
820,0.4867852
821,0.46627313
822,0.41684476
823,0.42113307
824,0.3943516
825,0.31668338
826,0.3247056
827,0.3321146
828,0.28338504
829,0.29688552
830,0.27421665
831,0.20605235
832,0.16345151
833,0.13704936
834,0.1175309
835,0.11978611
836,0.1342184
837,0.15582167
838,0.11442079
839,0.09988396
840,0.11793563
841,0.08776609
842,0.07371931
843,0.089549825
844,0.0648115
845,0.060922734
846,0.8867724
847,0.6080184
848,0.4359935
849,0.8878699
850,0.677817
851,0.46723807
852,0.87058234
853,0.39039472
854,0.32336444
855,0.5244145
856,0.2923105
857,0.19079849
858,0.11959235
859,0.0921637
860,0.084602155
861,0.2123459
862,0.104381144
863,0.08567816
864,0.13256067
865,0.12613374
866,0.13099559
867,0.12420377
868,0.1044427
869,0.09519601
870,0.08679497
871,0.080003306
872,0.0945367
873,0.87499064
874,0.74324685
875,0.5381133
876,0.87924016
877,0.8132627
878,0.54568845
879,0.79478514
880,0.6288417
881,0.4419037
882,0.47734773
883,0.40007392
884,0.2441548
885,0.20645103
886,0.16600691
887,0.1700422
888,0.3347376
889,0.25410748
890,0.17699829
891,0.15619236
892,0.16383046
893,0.23909771
894,0.25047195
895,0.23111323
896,0.16046724
897,0.12726966
898,0.13420734
899,0.22012411
900,0.87578833
901,0.8550543
902,0.8528358
903,0.8783736
904,0.8768817
905,0.8274349
906,0.70895237
907,0.7177501
908,0.7130982
909,0.53476006
910,0.54198325
911,0.48478773
912,0.43126768
913,0.41662976
914,0.3537423
915,0.3795529
916,0.3727856
917,0.3702524
918,0.3304592
919,0.31573045
920,0.40396318
921,0.2982523
922,0.26392153
923,0.16605347
924,0.1073664
925,0.102015816
926,0.17285834
927,0.89956963
928,0.8965231
929,0.88978595
930,0.8947477
931,0.8924857
932,0.88710904
933,0.8812793
934,0.87609434
935,0.7963754
936,0.88888234
937,0.8877709
938,0.8811364
939,0.6663928
940,0.47261688
941,0.2744216
942,0.3295012
943,0.22407787
944,0.2456737
945,0.15044962
946,0.15997462
947,0.18100354
948,0.07501623
949,0.07777003
950,0.082182705
951,0.05364617
952,0.05476988
953,0.07396775
954,0.8794726
955,0.870509
956,0.70375615
957,0.88539946
958,0.88144934
959,0.6802082
960,0.5422768
961,0.51673853
962,0.4115921
963,0.46566194
964,0.49187648
965,0.39880428
966,0.23575786
967,0.17258818
968,0.14151835
969,0.14102267
970,0.13771094
971,0.13848776
972,0.36571494
973,0.3432387
974,0.42206556
975,0.45489174
976,0.42331997
977,0.33323961
978,0.32682776
979,0.32410574
980,0.38214138
981,0.8606989
982,0.8706003
983,0.88375103
984,0.87170565
985,0.86192346
986,0.8714714
987,0.8733048
988,0.8799058
989,0.8844346
990,0.89373547
991,0.8910312
992,0.88453346
993,0.8289803
994,0.72194153
995,0.65577734
996,0.839911
997,0.74985135
998,0.6646212
999,0.29561308
1000,0.27430835
1001,0.37393212
1002,0.38100374
1003,0.3553034
1004,0.2619448
1005,0.2364362
1006,0.22394793
1007,0.3026377
1008,0.8917622
1009,0.89145756
1010,0.8896586
1011,0.8873471
1012,0.8859757
1013,0.8861249
1014,0.88164115
1015,0.8847739
1016,0.88443327
1017,0.8918596
1018,0.8907157
1019,0.88874936
1020,0.7905123
1021,0.59204906
1022,0.5183009
1023,0.5624943
1024,0.5095042
1025,0.52239
1026,0.11199097
1027,0.117485106
1028,0.13446036
1029,0.054046802
1030,0.060126945
1031,0.06956294
1032,0.03689827
1033,0.043367498
1034,0.06377269
1035,0.7836139
1036,0.70105594
1037,0.579723
1038,0.8745043
1039,0.85877824
1040,0.5883397
1041,0.3381678
1042,0.37541994
1043,0.28840548
1044,0.36831152
1045,0.41311204
1046,0.3747592
1047,0.19380462
1048,0.14298092
1049,0.10479237
1050,0.08969896
1051,0.105621845
1052,0.10409609
1053,0.09255785
1054,0.09432291
1055,0.12223638
1056,0.037472807
1057,0.035758547
1058,0.03638231
1059,0.029512119
1060,0.028292757
1061,0.038818292
1062,0.43837777
1063,0.47626472
1064,0.40976226
1065,0.30022705
1066,0.29285878
1067,0.25710663
1068,0.14509042
1069,0.1370872
1070,0.12947205
1071,0.24034034
1072,0.24970384
1073,0.23260505
1074,0.18410395
1075,0.10319562
1076,0.056748554
1077,0.044188272
1078,0.044017456
1079,0.050972022
1080,0.10615484
1081,0.11061545
1082,0.11593743
1083,0.037332088
1084,0.038190752
1085,0.043351453
1086,0.030942922
1087,0.030778972
1088,0.04171917
1089,0.5309728
1090,0.5209731
1091,0.38462904
1092,0.3907737
1093,0.41090253
1094,0.28433847
1095,0.18862385
1096,0.20684096
1097,0.15497379
1098,0.3186341
1099,0.3125566
1100,0.229856
1101,0.15228787
1102,0.10152739
1103,0.062275704
1104,0.058836035
1105,0.062637
1106,0.059451785
1107,0.11860731
1108,0.118441716
1109,0.1439259
1110,0.08742918
1111,0.07642956
1112,0.069646776
1113,0.058391303
1114,0.05603809
1115,0.09140717
1116,0.43459773
1117,0.45243412
1118,0.4164098
1119,0.5436618
1120,0.4837166
1121,0.45851725
1122,0.40220785
1123,0.42589667
1124,0.38932756
1125,0.31840068
1126,0.3223509
1127,0.2927558
1128,0.1783001
1129,0.17312203
1130,0.14789562
1131,0.12343569
1132,0.120860726
1133,0.13433433
1134,0.11884591
1135,0.12098046
1136,0.13274072
1137,0.05702482
1138,0.05271267
1139,0.049946688
1140,0.03700416
1141,0.035050847
1142,0.0427561
1143,0.62981594
1144,0.5196159
1145,0.4384938
1146,0.50396985
1147,0.41489455
1148,0.35625422
1149,0.24015804
1150,0.19173115
1151,0.15198253
1152,0.40290213
1153,0.35876855
1154,0.2745376
1155,0.19190314
1156,0.12230031
1157,0.0598546
1158,0.06494502
1159,0.05795835
1160,0.05800025
1161,0.07349693
1162,0.077621944
1163,0.104544565
1164,0.030657908
1165,0.03138659
1166,0.034716822
1167,0.025862295
1168,0.024921741
1169,0.04453689
1170,0.40251303
1171,0.3973925
1172,0.3047139
1173,0.31956974
1174,0.31646225
1175,0.2573808
1176,0.15784442
1177,0.14533785
1178,0.13086833
1179,0.19659162
1180,0.21155088
1181,0.17187476
1182,0.14039491
1183,0.08567414
1184,0.05819245
1185,0.048027154
1186,0.048721444
1187,0.053652093
1188,0.082543805
1189,0.079213984
1190,0.06963693
1191,0.05293515
1192,0.054703668
1193,0.050687313
1194,0.045070745
1195,0.043352477
1196,0.052604508
1197,0.2545345
1198,0.2537678
1199,0.16659257
1200,0.27255157
1201,0.27472496
1202,0.18179849
1203,0.21785559
1204,0.20344259
1205,0.14640285
1206,0.14855373
1207,0.14504115
1208,0.103557885
1209,0.06671949
1210,0.057995006
1211,0.053697705
1212,0.06351041
1213,0.06333932
1214,0.05459263
1215,0.13506518
1216,0.12598175
1217,0.1384557
1218,0.07086104
1219,0.06585311
1220,0.053883545
1221,0.04945147
1222,0.044446755
1223,0.06522445
1224,0.61512136
1225,0.45262998
1226,0.31611127
1227,0.5256081
1228,0.36059964
1229,0.24880032
1230,0.35239583
1231,0.31094864
1232,0.20854013
1233,0.32153535
1234,0.28478414
1235,0.2000884
1236,0.14452884
1237,0.112349875
1238,0.10223043
1239,0.11133878
1240,0.10267033
1241,0.096824646
1242,0.21327735
1243,0.21346377
1244,0.30297634
1245,0.2891067
1246,0.25650045
1247,0.16229387
1248,0.13560475
1249,0.14387673
1250,0.23738766
1251,0.8871424
1252,0.8865577
1253,0.883844
1254,0.88587904
1255,0.88485414
1256,0.88165903
1257,0.87930214
1258,0.8791393
1259,0.8779435
1260,0.85384935
1261,0.84589744
1262,0.76451844
1263,0.55667603
1264,0.49578103
1265,0.3848852
1266,0.39240646
1267,0.37127694
1268,0.3887692
1269,0.10039155
1270,0.0808987
1271,0.077776425
1272,0.08523876
1273,0.058674432
1274,0.04378029
1275,0.058101747
1276,0.04565008
1277,0.058097124
1278,0.48328012
1279,0.2633748
1280,0.23110086
1281,0.587441
1282,0.3002459
1283,0.2715755
1284,0.4542501
1285,0.27638733
1286,0.24002336
1287,0.26774427
1288,0.21190386
1289,0.14525245
1290,0.1031255
1291,0.09697853
1292,0.10353068
1293,0.18407445
1294,0.13032392
1295,0.10733555
1296,0.06050704
1297,0.06439881
1298,0.093159124
1299,0.031434916
1300,0.034416877
1301,0.036897272
1302,0.026477948
1303,0.026811618
1304,0.050387844
1305,0.3478247
1306,0.38854116
1307,0.37870115
1308,0.27622116
1309,0.29777002
1310,0.31234914
1311,0.18877338
1312,0.20449413
1313,0.20828389
1314,0.23228933
1315,0.24868476
1316,0.24576865
1317,0.17183252
1318,0.112600684
1319,0.08789588
1320,0.059072547
1321,0.06467061
1322,0.08056419
1323,0.10987002
1324,0.11155156
1325,0.095717974
1326,0.07313044
1327,0.06679607
1328,0.07489978
1329,0.0568858
1330,0.057058446
1331,0.0694235
1332,0.55176306
1333,0.47879297
1334,0.31490046
1335,0.6683191
1336,0.5418934
1337,0.34074014
1338,0.47584552
1339,0.42539907
1340,0.28558737
1341,0.3107648
1342,0.28732193
1343,0.20830016
1344,0.13096493
1345,0.09639798
1346,0.10928857
1347,0.16563207
1348,0.144238
1349,0.11030172
1350,0.117410004
1351,0.120524034
1352,0.1728358
1353,0.089265905
1354,0.0728262
1355,0.0683017
1356,0.042822182
1357,0.04220921
1358,0.068549156
1359,0.56115556
1360,0.57263654
1361,0.5497395
1362,0.7367927
1363,0.7197218
1364,0.6528933
1365,0.30912375
1366,0.31223872
1367,0.3091803
1368,0.36238968
1369,0.37375665
1370,0.3356395
1371,0.29547673
1372,0.23698123
1373,0.11877239
1374,0.07824717
1375,0.080104984
1376,0.103631616
1377,0.1626676
1378,0.15544263
1379,0.14741069
1380,0.15134673
1381,0.14226379
1382,0.13036275
1383,0.10696542
1384,0.106622934
1385,0.12874156
1386,0.87794304
1387,0.86043817
1388,0.6101403
1389,0.87834454
1390,0.83837783
1391,0.61239445
1392,0.7889749
1393,0.70985067
1394,0.53070515
1395,0.5616417
1396,0.5394718
1397,0.3382188
1398,0.24330746
1399,0.17911696
1400,0.19381854
1401,0.329844
1402,0.29106036
1403,0.21448146
1404,0.092018686
1405,0.093541324
1406,0.14524019
1407,0.06414306
1408,0.051379025
1409,0.046659455
1410,0.036347598
1411,0.034810796
1412,0.06169933
1413,0.46939814
1414,0.4804992
1415,0.4232338
1416,0.31972244
1417,0.3228444
1418,0.28836474
1419,0.20451568
1420,0.19308962
1421,0.17340916
1422,0.25431436
1423,0.26942775
1424,0.22215436
1425,0.19417788
1426,0.11902635
1427,0.07757582
1428,0.064392775
1429,0.06589404
1430,0.07300982
1431,0.14274581
1432,0.14291838
1433,0.20018782
1434,0.12585694
1435,0.097697854
1436,0.0847968
1437,0.065834165
1438,0.06558676
1439,0.10721908
1440,0.8778094
1441,0.8759885
1442,0.85528874
1443,0.885833
1444,0.8843062
1445,0.8814018
1446,0.5605967
1447,0.54734474
1448,0.51571596
1449,0.42587894
1450,0.44062495
1451,0.36002788
1452,0.34690148
1453,0.36365032
1454,0.19881026
1455,0.17327239
1456,0.16811895
1457,0.18315211
1458,0.07862702
1459,0.06604453
1460,0.058829654
1461,0.054594383
1462,0.049094442
1463,0.039233517
1464,0.050933346
1465,0.03849311
1466,0.043937013
1467,0.24712761
1468,0.19877166
1469,0.15349281
1470,0.29036787
1471,0.21373753
1472,0.16463095
1473,0.27408212
1474,0.21338561
1475,0.1596861
1476,0.192268
1477,0.15537694
1478,0.11973983
1479,0.0721082
1480,0.061177343
1481,0.064730965
1482,0.1000824
1483,0.07463506
1484,0.06435005
1485,0.079218015
1486,0.0801492
1487,0.12177859
1488,0.05583282
1489,0.05258884
1490,0.046510838
1491,0.03976806
1492,0.036200315
1493,0.06674413
1494,0.37023062
1495,0.38328612
1496,0.3219075
1497,0.30664894
1498,0.28309086
1499,0.24447735
1500,0.21292707
1501,0.20831028
1502,0.1873438
1503,0.2049482
1504,0.22729518
1505,0.20265618
1506,0.18237288
1507,0.12542489
1508,0.085796475
1509,0.06831446
1510,0.06807774
1511,0.07814162
1512,0.08668123
1513,0.08854398
1514,0.09679425
1515,0.049639862
1516,0.0445523
1517,0.0473314
1518,0.037822086
1519,0.037135355
1520,0.053857125
1521,0.42806643
1522,0.41521025
1523,0.30676875
1524,0.5289546
1525,0.50736976
1526,0.3538145
1527,0.2625085
1528,0.24299546
1529,0.17872639
1530,0.222068
1531,0.20014702
1532,0.12734877
1533,0.12333675
1534,0.1320116
1535,0.08654717
1536,0.106129214
1537,0.09908672
1538,0.086383834
1539,0.10728459
1540,0.10985678
1541,0.14789128
1542,0.12450227
1543,0.11288446
1544,0.08893257
1545,0.06932296
1546,0.069037355
1547,0.121669576
1548,0.61919206
1549,0.623357
1550,0.6084758
1551,0.68041503
1552,0.6515018
1553,0.6112031
1554,0.53700477
1555,0.49872684
1556,0.5168825
1557,0.3546129
1558,0.3591441
1559,0.3264096
1560,0.25892508
1561,0.2563064
1562,0.22538136
1563,0.19963263
1564,0.19755474
1565,0.22409402
1566,0.10932186
1567,0.10590024
1568,0.13875777
1569,0.08413857
1570,0.073849365
1571,0.062279325
1572,0.063750364
1573,0.060621444
1574,0.10172327
1575,0.48320547
1576,0.47522947
1577,0.3392069
1578,0.5118331
1579,0.4565654
1580,0.3222595
1581,0.3862655
1582,0.35590804
1583,0.28519243
1584,0.30080748
1585,0.2881391
1586,0.2193635
1587,0.17552449
1588,0.15839915
1589,0.1373811
1590,0.14584096
1591,0.13559595
1592,0.12761751
1593,0.1413623
1594,0.13593583
1595,0.12710519
1596,0.11541463
1597,0.113235235
1598,0.1037191
1599,0.083467655
1600,0.08424552
1601,0.0862218
1602,0.880729
1603,0.5418698
1604,0.43241382
1605,0.8768598
1606,0.5826707
1607,0.44590926
1608,0.66956735
1609,0.4201411
1610,0.37064707
1611,0.4836191
1612,0.35755804
1613,0.2764718
1614,0.15034778
1615,0.11410023
1616,0.120418906
1617,0.18057705
1618,0.13084763
1619,0.11776894
1620,0.10442719
1621,0.093014024
1622,0.09594709
1623,0.068993874
1624,0.059673183
1625,0.052853953
1626,0.061450787
1627,0.055506334
1628,0.07243924
1629,0.4487047
1630,0.32477942
1631,0.2628638
1632,0.49184263
1633,0.34166932
1634,0.29086357
1635,0.40996462
1636,0.33964658
1637,0.2471308
1638,0.266805
1639,0.21571656
1640,0.17150775
1641,0.12318881
1642,0.11610915
1643,0.11391027
1644,0.14737004
1645,0.1195997
1646,0.106802
1647,0.097756095
1648,0.09105255
1649,0.08956236
1650,0.056063127
1651,0.052774224
1652,0.043196417
1653,0.04448004
1654,0.039431524
1655,0.046601675
1656,0.3788497
1657,0.31579006
1658,0.2274837
1659,0.35897723
1660,0.27303812
1661,0.20271768
1662,0.2823602
1663,0.2218809
1664,0.17388152
1665,0.2547967
1666,0.22555415
1667,0.1694888
1668,0.10331324
1669,0.07047204
1670,0.069158085
1671,0.098721474
1672,0.07925114
1673,0.06744442
1674,0.21723177
1675,0.21318099
1676,0.30594632
1677,0.28486654
1678,0.23292215
1679,0.15386783
1680,0.12941256
1681,0.13594575
1682,0.22969964
1683,0.89281106
1684,0.88839716
1685,0.885479
1686,0.8905807
1687,0.88956153
1688,0.88524127
1689,0.88217074
1690,0.8796222
1691,0.8788308
1692,0.7386982
1693,0.75572866
1694,0.6263032
1695,0.47963524
1696,0.4722947
1697,0.3851478
1698,0.42957968
1699,0.35948044
1700,0.36586523
1701,0.1090796
1702,0.10853049
1703,0.10498063
1704,0.11368547
1705,0.09908539
1706,0.09062371
1707,0.0752945
1708,0.07238242
1709,0.08274935
1710,0.55924714
1711,0.55110294
1712,0.3579003
1713,0.61206883
1714,0.56843376
1715,0.38510612
1716,0.5246052
1717,0.48168507
1718,0.32531574
1719,0.34978974
1720,0.3090929
1721,0.20572716
1722,0.13400616
1723,0.103403516
1724,0.11940387
1725,0.18437418
1726,0.15149158
1727,0.11435583
1728,0.13917926
1729,0.1406405
1730,0.19550732
1731,0.10734622
1732,0.09152343
1733,0.09370666
1734,0.07073319
1735,0.07056474
1736,0.11430223
1737,0.7176408
1738,0.7231065
1739,0.6661307
1740,0.8475449
1741,0.7740904
1742,0.6725455
1743,0.5719205
1744,0.58226717
1745,0.54486895
1746,0.47444737
1747,0.46743894
1748,0.4147443
1749,0.26915115
1750,0.22498463
1751,0.19216557
1752,0.15306956
1753,0.15112954
1754,0.18209301
1755,0.22456163
1756,0.20528802
1757,0.3347308
1758,0.32274288
1759,0.27901664
1760,0.14388986
1761,0.11297171
1762,0.108158186
1763,0.2165844
1764,0.88193625
1765,0.8805312
1766,0.8812901
1767,0.8854198
1768,0.8848509
1769,0.88348293
1770,0.8799999
1771,0.878567
1772,0.8194064
1773,0.7464372
1774,0.74296075
1775,0.6539369
1776,0.51881444
1777,0.51380837
1778,0.39496678
1779,0.4732247
1780,0.4280674
1781,0.417767
1782,0.22515
1783,0.21011528
1784,0.26362857
1785,0.1781181
1786,0.1488975
1787,0.12410313
1788,0.08314066
1789,0.0842949
1790,0.13270266
1791,0.8911344
1792,0.88762903
1793,0.8780732
1794,0.8873682
1795,0.8847245
1796,0.8152572
1797,0.7385042
1798,0.67582697
1799,0.5123032
1800,0.7315427
1801,0.7440084
1802,0.5442474
1803,0.34969193
1804,0.24754997
1805,0.19332089
1806,0.2129586
1807,0.18785302
1808,0.18692617
1809,0.1918016
1810,0.18902384
1811,0.28167585
1812,0.18153587
1813,0.16448219
1814,0.11144885
1815,0.085604325
1816,0.09287706
1817,0.16922005
1818,0.8791708
1819,0.88430345
1820,0.8838612
1821,0.875129
1822,0.8637628
1823,0.8732024
1824,0.7178687
1825,0.73703164
1826,0.79881346
1827,0.70633006
1828,0.7354258
1829,0.72871083
1830,0.4728744
1831,0.40561777
1832,0.31969944
1833,0.21791193
1834,0.22355133
1835,0.2845539
1836,0.12784298
1837,0.13469633
1838,0.20140995
1839,0.12774871
1840,0.10995382
1841,0.087456524
1842,0.052738
1843,0.054722022
1844,0.10400528
1845,0.87645245
1846,0.84117854
1847,0.743498
1848,0.8789979
1849,0.8710257
1850,0.7459984
1851,0.40389222
1852,0.38147682
1853,0.3500027
1854,0.4423573
1855,0.43923265
1856,0.38651684
1857,0.30185792
1858,0.2811975
1859,0.17409949
1860,0.14923592
1861,0.14695475
1862,0.17162575
1863,0.10433886
1864,0.09463188
1865,0.10442439
1866,0.06272574
1867,0.06095741
1868,0.05637448
1869,0.057235293
1870,0.052344672
1871,0.06354725
1872,0.7472595
1873,0.4878893
1874,0.3001741
1875,0.826252
1876,0.55139637
1877,0.384358
1878,0.5367183
1879,0.38917595
1880,0.24784717
1881,0.30251163
1882,0.2477298
1883,0.1660594
1884,0.12360543
1885,0.10687206
1886,0.10096085
1887,0.11411576
1888,0.10306218
1889,0.0941366
1890,0.11803813
1891,0.099941954
1892,0.090117514
1893,0.1362456
1894,0.0825402
1895,0.08959834
1896,0.1007403
1897,0.07186123
1898,0.081777856
1899,0.8760574
1900,0.5606034
1901,0.48118427
1902,0.8876495
1903,0.84090877
1904,0.61810505
1905,0.8786702
1906,0.52802503
1907,0.44348162
1908,0.44684064
1909,0.29249814
1910,0.2287393
1911,0.15042731
1912,0.14443144
1913,0.14838536
1914,0.50482976
1915,0.22077022
1916,0.17435603
1917,0.09544131
1918,0.08649164
1919,0.10432473
1920,0.06469145
1921,0.047638286
1922,0.04490949
1923,0.03593589
1924,0.034218334
1925,0.05145838
1926,0.6699015
1927,0.33831075
1928,0.27988237
1929,0.8849334
1930,0.6134106
1931,0.43966138
1932,0.33910537
1933,0.2246403
1934,0.17666222
1935,0.19381504
1936,0.16573519
1937,0.12785864
1938,0.102404185
1939,0.12953797
1940,0.07843447
1941,0.086407095
1942,0.07396831
1943,0.07044308
1944,0.18583228
1945,0.1812899
1946,0.25498044
1947,0.12913318
1948,0.106062815
1949,0.08538958
1950,0.071890004
1951,0.07068658
1952,0.12739103
1953,0.88380075
1954,0.87688386
1955,0.76971626
1956,0.89008546
1957,0.8868636
1958,0.8814301
1959,0.7146168
1960,0.6786548
1961,0.6085756
1962,0.3944407
1963,0.4606376
1964,0.40708202
1965,0.27240103
1966,0.30310857
1967,0.21633683
1968,0.15469405
1969,0.15471703
1970,0.18925
1971,0.09063622
1972,0.09988922
1973,0.17568591
1974,0.0802888
1975,0.0672286
1976,0.06080902
1977,0.05000584
1978,0.052353814
1979,0.09234604
1980,0.49359256
1981,0.48984426
1982,0.4921997
1983,0.3884132
1984,0.400221
1985,0.3951019
1986,0.273467
1987,0.2878003
1988,0.28541875
1989,0.30808392
1990,0.32148713
1991,0.30807248
1992,0.24449697
1993,0.18395598
1994,0.14285938
1995,0.10258944
1996,0.110804975
1997,0.13071284
1998,0.07108407
1999,0.062415063
2000,0.054590505
2001,0.030996777
2002,0.030749314
2003,0.029504862
2004,0.027521115
2005,0.025332578
2006,0.03161874
2007,0.3738828
2008,0.3429055
2009,0.18154211
2010,0.3170769
2011,0.30767494
2012,0.16436191
2013,0.19934541
2014,0.17217335
2015,0.100087106
2016,0.20261082
2017,0.18339054
2018,0.10677691
2019,0.0857386
2020,0.057878613
2021,0.0512077
2022,0.063275546
2023,0.056739997
2024,0.0505409
2025,0.17863424
2026,0.16362242
2027,0.1972345
2028,0.18260334
2029,0.1266724
2030,0.10905272
2031,0.09349981
2032,0.08873637
2033,0.11840217
2034,0.8819555
2035,0.86870456
2036,0.8692335
2037,0.89579093
2038,0.89006907
2039,0.88624847
2040,0.88615125
2041,0.8639519
2042,0.82955205
2043,0.4970515
2044,0.45060626
2045,0.29439747
2046,0.25211242
2047,0.3850351
2048,0.22872297
2049,0.41138494
2050,0.2754744
2051,0.23138838
2052,0.28191456
2053,0.23886667
2054,0.1807013
2055,0.30264524
2056,0.25171086
2057,0.16533318
2058,0.1861852
2059,0.16726078
2060,0.1339408
2061,0.8951719
2062,0.88131845
2063,0.63520575
2064,0.8946514
2065,0.88266206
2066,0.76972353
2067,0.8907122
2068,0.8777354
2069,0.60247564
2070,0.8849316
2071,0.843246
2072,0.38282353
2073,0.20825738
2074,0.15256807
2075,0.17312554
2076,0.7515043
2077,0.3640331
2078,0.20983098
2079,0.19943576
2080,0.15749542
2081,0.14253972
2082,0.17393932
2083,0.12867665
2084,0.10585129
2085,0.10544582
2086,0.09008935
2087,0.10133445
2088,0.8818341
2089,0.6716656
2090,0.3460195
2091,0.8811384
2092,0.6831732
2093,0.3761319
2094,0.86034536
2095,0.614746
2096,0.33234015
2097,0.68069136
2098,0.44449228
2099,0.23317976
2100,0.15016454
2101,0.1316417
2102,0.14028691
2103,0.31898472
2104,0.20805492
2105,0.14452194
2106,0.16333264
2107,0.120492324
2108,0.088246696
2109,0.12477966
2110,0.10043633
2111,0.08043717
2112,0.08432257
2113,0.07076199
2114,0.065485895
2115,0.8847612
2116,0.53471565
2117,0.262782
2118,0.8835297
2119,0.57226247
2120,0.2716921
2121,0.80682075
2122,0.36095503
2123,0.22478035
2124,0.58772093
2125,0.3246659
2126,0.16967064
2127,0.11070955
2128,0.08556158
2129,0.088667914
2130,0.32034108
2131,0.15204868
2132,0.091261044
2133,0.13343132
2134,0.12124804
2135,0.105076194
2136,0.115785256
2137,0.10714097
2138,0.09058139
2139,0.08280225
2140,0.08671082
2141,0.0847808
2142,0.8814845
2143,0.671801
2144,0.31494465
2145,0.88178194
2146,0.66668856
2147,0.32693714
2148,0.7934809
2149,0.5541432
2150,0.2883884
2151,0.41776925
2152,0.36118716
2153,0.20470081
2154,0.15047191
2155,0.12667224
2156,0.1390166
2157,0.28049207
2158,0.22692393
2159,0.1500358
2160,0.19110045
2161,0.1796344
2162,0.24008659
2163,0.21337338
2164,0.1860822
2165,0.15774682
2166,0.10783982
2167,0.11376471
2168,0.17218621
2169,0.88342404
2170,0.8751025
2171,0.87828374
2172,0.8886528
2173,0.8837447
2174,0.88342994
2175,0.8805556
2176,0.8038343
2177,0.83127403
2178,0.7254609
2179,0.6174192
2180,0.52309704
2181,0.3563453
2182,0.34952253
2183,0.2984005
2184,0.48540205
2185,0.30776587
2186,0.29302168
2187,0.12775256
2188,0.13546012
2189,0.18379217
2190,0.1299732
2191,0.1264844
2192,0.12084982
2193,0.08285172
2194,0.08543859
2195,0.15378901
2196,0.8040606
2197,0.82115054
2198,0.7250836
2199,0.7895106
2200,0.802426
2201,0.7204236
2202,0.64060545
2203,0.694924
2204,0.684243
2205,0.44639486
2206,0.45246148
2207,0.40520018
2208,0.31786573
2209,0.27929252
2210,0.27703694
2211,0.26574096
2212,0.2655889
2213,0.2708631
2214,0.057216335
2215,0.05848469
2216,0.06649442
2217,0.03390656
2218,0.03442666
2219,0.035880208
2220,0.031953562
2221,0.031239513
2222,0.05415889
2223,0.2587032
2224,0.2647403
2225,0.22731547
2226,0.2629971
2227,0.2538689
2228,0.24804698
2229,0.20220175
2230,0.2040968
2231,0.19178405
2232,0.17068912
2233,0.16926508
2234,0.15367983
2235,0.10569498
2236,0.087623596
2237,0.076300636
2238,0.06577787
2239,0.068045
2240,0.0722266
2241,0.12151837
2242,0.12793823
2243,0.16359296
2244,0.08045979
2245,0.07686235
2246,0.08154191
2247,0.052603632
2248,0.053083867
2249,0.089436
2250,0.7528454
2251,0.6907594
2252,0.6431563
2253,0.69171286
2254,0.69203246
2255,0.6308819
2256,0.34483328
2257,0.3349982
2258,0.3601026
2259,0.36773482
2260,0.3690979
2261,0.36570787
2262,0.26444253
2263,0.22211999
2264,0.18284482
2265,0.1488021
2266,0.15271871
2267,0.18115224
2268,0.08106356
2269,0.0902562
2270,0.09325743
2271,0.04750357
2272,0.04981262
2273,0.05529517
2274,0.036399625
2275,0.03805621
2276,0.057829052
2277,0.3317715
2278,0.33931452
2279,0.27593154
2280,0.2799427
2281,0.2960161
2282,0.25887182
2283,0.17995359
2284,0.18371907
2285,0.18831
2286,0.19595228
2287,0.22600164
2288,0.18126675
2289,0.12188785
2290,0.09705892
2291,0.081949934
2292,0.06703554
2293,0.070329875
2294,0.075554416
2295,0.15307575
2296,0.15961099
2297,0.2484939
2298,0.14086246
2299,0.11653953
2300,0.08168928
2301,0.07480049
2302,0.07391304
2303,0.13215147
2304,0.8613225
2305,0.84928685
2306,0.7774408
2307,0.8316473
2308,0.7864161
2309,0.7291124
2310,0.58874714
2311,0.59746253
2312,0.6017514
2313,0.50629514
2314,0.54220456
2315,0.53493446
2316,0.38645482
2317,0.32716107
2318,0.26198688
2319,0.173465
2320,0.17593493
2321,0.23338161
2322,0.1789543
2323,0.13209493
2324,0.108582094
2325,0.10920222
2326,0.078330815
2327,0.06123466
2328,0.06909191
2329,0.053946756
2330,0.056409977
2331,0.88634324
2332,0.76500916
2333,0.45560357
2334,0.88439006
2335,0.70176494
2336,0.4257511
2337,0.74899656
2338,0.36160702
2339,0.31249592
2340,0.6098281
2341,0.37816328
2342,0.21704628
2343,0.15023495
2344,0.11628377
2345,0.10538544
2346,0.2399293
2347,0.14104769
2348,0.10620407
2349,0.052953847
2350,0.052575946
2351,0.055995382
2352,0.03225428
2353,0.033433948
2354,0.034048837
2355,0.03065461
2356,0.029312883
2357,0.041376956
2358,0.19405565
2359,0.18297742
2360,0.16206793
2361,0.20599738
2362,0.19650504
2363,0.17217799
2364,0.15586297
2365,0.14385043
2366,0.13166219
2367,0.098988935
2368,0.100681245
2369,0.09545601
2370,0.06333399
2371,0.059490807
2372,0.051426288
2373,0.04683248
2374,0.04555016
2375,0.049545113
2376,0.08201994
2377,0.07359044
2378,0.07524626
2379,0.059620038
2380,0.050918825
2381,0.05225806
2382,0.048491616
2383,0.04428178
2384,0.056187194
2385,0.41429174
2386,0.29056996
2387,0.25761378
2388,0.79193705
2389,0.5398988
2390,0.4591847
2391,0.5000778
2392,0.3661176
2393,0.2972059
2394,0.19620359
2395,0.17691039
2396,0.11472964
2397,0.069336034
2398,0.083864585
2399,0.08047214
2400,0.10247369
2401,0.0804366
2402,0.079313174
2403,0.2600156
2404,0.24801517
2405,0.35543293
2406,0.3224437
2407,0.29169732
2408,0.19937596
2409,0.17288183
2410,0.17621256
2411,0.27574995
2412,0.88365483
2413,0.8838886
2414,0.882811
2415,0.88678205
2416,0.8857595
2417,0.88452333
2418,0.8829156
2419,0.8844445
2420,0.88224244
2421,0.79500693
2422,0.79755783
2423,0.8141773
2424,0.6365512
2425,0.555755
2426,0.5046996
2427,0.4945299
2428,0.4684497
2429,0.48548806
2430,0.098507896
2431,0.102147505
2432,0.120676845
2433,0.05939291
2434,0.060656793
2435,0.062340826
2436,0.048454963
2437,0.05058918
2438,0.07502315
2439,0.3517285
2440,0.36560214
2441,0.32459655
2442,0.4050721
2443,0.41241902
2444,0.3207711
2445,0.30152163
2446,0.33361748
2447,0.29194513
2448,0.27266884
2449,0.29336756
2450,0.2461562
2451,0.15138817
2452,0.13865222
2453,0.13038836
2454,0.115266845
2455,0.12511934
2456,0.12411705
2457,0.09390177
2458,0.088632114
2459,0.06895107
2460,0.044525303
2461,0.045723207
2462,0.044861317
2463,0.039154403
2464,0.037029594
2465,0.042061336
2466,0.42103785
2467,0.39260647
2468,0.23115842
2469,0.3977226
2470,0.36612234
2471,0.20934463
2472,0.29049337
2473,0.25406292
2474,0.15864201
2475,0.25264364
2476,0.20412387
2477,0.13723429
2478,0.092757106
2479,0.070805155
2480,0.05837398
2481,0.08361687
2482,0.07169595
2483,0.060061656
2484,0.15990229
2485,0.15097034
2486,0.15871091
2487,0.16245697
2488,0.15499237
2489,0.12557577
2490,0.116372034
2491,0.111598805
2492,0.14304134
2493,0.87790275
2494,0.8611977
2495,0.66968733
2496,0.8772901
2497,0.8468965
2498,0.593984
2499,0.7975212
2500,0.796517
2501,0.57486236
2502,0.5839884
2503,0.52283263
2504,0.36823872
2505,0.2877686
2506,0.2454653
2507,0.22612603
2508,0.3619383
2509,0.3318672
2510,0.25540754
2511,0.15805069
2512,0.16817799
2513,0.24771887
2514,0.14862262
2515,0.121856734
2516,0.09815196
2517,0.06726435
2518,0.06903525
2519,0.1143492
2520,0.87476516
2521,0.87460315
2522,0.82620835
2523,0.69837373
2524,0.688254
2525,0.6231024
2526,0.41254675
2527,0.41301858
2528,0.41727704
2529,0.5426109
2530,0.5510869
2531,0.5176391
2532,0.40237355
2533,0.33424687
2534,0.17546944
2535,0.12999186
2536,0.13092479
2537,0.16477838
2538,0.1052474
2539,0.099096596
2540,0.10552424
2541,0.08188282
2542,0.067171775
2543,0.06069418
2544,0.05615418
2545,0.053005535
2546,0.06911309
2547,0.49209166
2548,0.40741485
2549,0.30850577
2550,0.63950694
2551,0.4958078
2552,0.38255718
2553,0.4457213
2554,0.37827307
2555,0.3030913
2556,0.28932476
2557,0.24564168
2558,0.17416088
2559,0.13217503
2560,0.1275312
2561,0.12481378
2562,0.18061675
2563,0.14650664
2564,0.12174038
2565,0.13014899
2566,0.13474257
2567,0.19953765
2568,0.15359151
2569,0.13843614
2570,0.09947668
2571,0.08151524
2572,0.07943044
2573,0.15965019
2574,0.79757905
2575,0.81876147
2576,0.7357421
2577,0.755321
2578,0.7643065
2579,0.68082774
2580,0.53257364
2581,0.54233724
2582,0.54882133
2583,0.40076494
2584,0.40269673
2585,0.3880099
2586,0.31142962
2587,0.29005715
2588,0.24708326
2589,0.19380203
2590,0.19399957
2591,0.22318421
2592,0.18223886
2593,0.17659886
2594,0.27035105
2595,0.17227274
2596,0.1392105
2597,0.09660709
2598,0.08449054
2599,0.08982432
2600,0.14816833
2601,0.8864435
2602,0.8860184
2603,0.8814235
2604,0.885818
2605,0.88344026
2606,0.8773792
2607,0.74509037
2608,0.7515665
2609,0.7021782
2610,0.6594311
2611,0.71807253
2612,0.6327954
2613,0.39345717
2614,0.3178048
2615,0.23282097
2616,0.1718952
2617,0.16701925
2618,0.21028917
2619,0.11384894
2620,0.11329481
2621,0.14382955
2622,0.073177174
2623,0.06387785
2624,0.06727774
2625,0.050664626
2626,0.05021051
2627,0.077108815
2628,0.55807453
2629,0.5875441
2630,0.5120849
2631,0.54968184
2632,0.52523583
2633,0.4462034
2634,0.34263372
2635,0.33942017
2636,0.3270804
2637,0.30917773
2638,0.31470028
2639,0.27864817
2640,0.2127917
2641,0.1815898
2642,0.118433915
2643,0.102151945
2644,0.101504184
2645,0.11054216
2646,0.16196118
2647,0.14136797
2648,0.14671275
2649,0.17011887
2650,0.14399883
2651,0.1038042
2652,0.09704834
2653,0.08936971
2654,0.111173496
2655,0.88735354
2656,0.8792709
2657,0.6741941
2658,0.88776433
2659,0.88158894
2660,0.7412356
2661,0.88077545
2662,0.7161811
2663,0.5440653
2664,0.6230036
2665,0.5174997
2666,0.30806378
2667,0.2419643
2668,0.21627058
2669,0.19480862
2670,0.4198054
2671,0.29700178
2672,0.2185307
2673,0.086027935
2674,0.079088286
2675,0.08212224
2676,0.075970896
2677,0.07259765
2678,0.06452265
2679,0.06445905
2680,0.061453544
2681,0.06335577
2682,0.87463367
2683,0.6935848
2684,0.4286294
2685,0.89408374
2686,0.8859335
2687,0.57436466
2688,0.82279694
2689,0.5910359
2690,0.3425651
2691,0.32920444
2692,0.3035932
2693,0.17926586
2694,0.107923165
2695,0.10797447
2696,0.10073249
2697,0.15570217
2698,0.13861616
2699,0.10318373
2700,0.13235797
2701,0.13457659
2702,0.17600484
2703,0.1250855
2704,0.10839423
2705,0.084881805
2706,0.0651838
2707,0.06573966
2708,0.10325998
2709,0.7341016
2710,0.6469317
2711,0.6037719
2712,0.79755807
2713,0.6559163
2714,0.597926
2715,0.4141233
2716,0.39209604
2717,0.37252107
2718,0.45688003
2719,0.4607741
2720,0.4222519
2721,0.26985812
2722,0.22056748
2723,0.16419806
2724,0.1335174
2725,0.13168491
2726,0.15510789
2727,0.10818392
2728,0.100780405
2729,0.11917165
2730,0.039713737
2731,0.036504406
2732,0.036870364
2733,0.034465186
2734,0.031499516
2735,0.043560788
2736,0.44329548
2737,0.35581106
2738,0.28038928
2739,0.4335513
2740,0.32941723
2741,0.2055736
2742,0.25946802
2743,0.20781463
2744,0.15387703
2745,0.2917581
2746,0.28164777
2747,0.19735868
2748,0.13408095
2749,0.0793287
2750,0.06694309
2751,0.06559795
2752,0.06206947
2753,0.062888935
2754,0.073258355
2755,0.070992775
2756,0.07415333
2757,0.037799753
2758,0.038396187
2759,0.04216333
2760,0.036464002
2761,0.034362257
2762,0.049430266
2763,0.33168614
2764,0.31186035
2765,0.24379282
2766,0.31423536
2767,0.27648744
2768,0.21769
2769,0.23888643
2770,0.22013526
2771,0.17871155
2772,0.22301957
2773,0.21390529
2774,0.18513882
2775,0.106890365
2776,0.07539393
2777,0.07098021
2778,0.0785118
2779,0.07616085
2780,0.072061695
2781,0.12596798
2782,0.12219632
2783,0.14788568
2784,0.13840683
2785,0.13214874
2786,0.115373716
2787,0.09012619
2788,0.08535237
2789,0.13131419
2790,0.585062
2791,0.5630255
2792,0.40466788
2793,0.62584466
2794,0.5267394
2795,0.39514583
2796,0.4802156
2797,0.51505125
2798,0.33181295
2799,0.40397203
2800,0.37221086
2801,0.25108644
2802,0.21205665
2803,0.17308205
2804,0.18144813
2805,0.29832017
2806,0.23322953
2807,0.19405438
2808,0.09786691
2809,0.10496505
2810,0.17691979
2811,0.08221525
2812,0.060121275
2813,0.048857365
2814,0.037274882
2815,0.036567226
2816,0.076945946
2817,0.5890442
2818,0.5852355
2819,0.5187029
2820,0.4709283
2821,0.46033356
2822,0.38919914
2823,0.20694487
2824,0.19873872
2825,0.18294564
2826,0.29410943
2827,0.32386112
2828,0.2588704
2829,0.25455633
2830,0.17872638
2831,0.10620292
2832,0.08775236
2833,0.08824907
2834,0.100544065
2835,0.163399
2836,0.15935265
2837,0.1830396
2838,0.0917641
2839,0.08236024
2840,0.072724745
2841,0.072710164
2842,0.06884001
2843,0.095384
2844,0.7754467
2845,0.54659563
2846,0.37224635
2847,0.8301575
2848,0.5460706
2849,0.3892634
2850,0.6405625
2851,0.5750766
2852,0.3884405
2853,0.45919698
2854,0.40471196
2855,0.30434006
2856,0.16989142
2857,0.14787048
2858,0.15971072
2859,0.18892159
2860,0.16904803
2861,0.14930037
2862,0.073277056
2863,0.060073353
2864,0.05546685
2865,0.046854574
2866,0.042175665
2867,0.0414422
2868,0.03875925
2869,0.037044715
2870,0.04171192
2871,0.5028255
2872,0.33302826
2873,0.19314195
2874,0.74738646
2875,0.4986931
2876,0.27703297
2877,0.46836996
2878,0.31153783
2879,0.16679811
2880,0.18979712
2881,0.1514467
2882,0.08847361
2883,0.07653853
2884,0.062191837
2885,0.064691655
2886,0.106030986
2887,0.08479733
2888,0.069086134
2889,0.14278841
2890,0.12773818
2891,0.12545477
2892,0.107595384
2893,0.08945836
2894,0.09646839
2895,0.0770835
2896,0.065321475
2897,0.08172361
2898,0.8839663
2899,0.59748733
2900,0.54641616
2901,0.88273674
2902,0.60093224
2903,0.5169258
2904,0.7238784
2905,0.38109583
2906,0.41770706
2907,0.47847944
2908,0.3480676
2909,0.30757123
2910,0.18727547
2911,0.16058846
2912,0.13945666
2913,0.23142694
2914,0.16683382
2915,0.13516398
2916,0.24014053
2917,0.22171588
2918,0.24819833
2919,0.25302568
2920,0.23588814
2921,0.19462208
2922,0.16675314
2923,0.15954465
2924,0.18914084
2925,0.8967869
2926,0.88663614
2927,0.877619
2928,0.89544463
2929,0.8867887
2930,0.8780103
2931,0.8900937
2932,0.8823775
2933,0.8078116
2934,0.8850237
2935,0.8596864
2936,0.64207876
2937,0.37537536
2938,0.2553088
2939,0.24666964
2940,0.66736937
2941,0.3645752
2942,0.2651923
2943,0.132455
2944,0.1249692
2945,0.13908745
2946,0.10391353
2947,0.09152071
2948,0.06665693
2949,0.07189042
2950,0.06192606
2951,0.08215832
2952,0.63602227
2953,0.46914515
2954,0.3618841
2955,0.63647944
2956,0.38116097
2957,0.3114683
2958,0.59594464
2959,0.40118754
2960,0.30670115
2961,0.403176
2962,0.3431209
2963,0.23601192
2964,0.15669148
2965,0.12523277
2966,0.14670925
2967,0.23542324
2968,0.17336968
2969,0.14585865
2970,0.094650164
2971,0.10119465
2972,0.12715323
2973,0.05050973
2974,0.04181188
2975,0.048674744
2976,0.034876633
2977,0.034465168
2978,0.051466484
2979,0.5480067
2980,0.5498437
2981,0.46097192
2982,0.5188948
2983,0.49857873
2984,0.39043462
2985,0.20604357
2986,0.20028605
2987,0.15863156
2988,0.2755648
2989,0.27814394
2990,0.24119073
2991,0.19144882
2992,0.13757958
2993,0.071579784
2994,0.06230411
2995,0.065716244
2996,0.06749429
2997,0.1271207
2998,0.12809722
2999,0.16680297
3000,0.12763898
3001,0.11281842
3002,0.0870447
3003,0.083725974
3004,0.08121943
3005,0.11974827
3006,0.68860924
3007,0.65523565
3008,0.49147582
3009,0.64369667
3010,0.6194445
3011,0.47102952
3012,0.41619018
3013,0.41386476
3014,0.3339498
3015,0.38209724
3016,0.36979806
3017,0.26984578
3018,0.27886721
3019,0.2464182
3020,0.17721525
3021,0.18071309
3022,0.17400737
3023,0.17533486
3024,0.08172992
3025,0.06648673
3026,0.059692085
3027,0.038729593
3028,0.03819056
3029,0.033760022
3030,0.03709962
3031,0.032146405
3032,0.037651535
3033,0.32695222
3034,0.2700904
3035,0.18886699
3036,0.3073617
3037,0.22775501
3038,0.1692831
3039,0.26059964
3040,0.2042363
3041,0.14789674
3042,0.24792077
3043,0.21945648
3044,0.15135361
3045,0.08832303
3046,0.055586405
3047,0.054967508
3048,0.08263266
3049,0.06314216
3050,0.053394422
3051,0.101806164
3052,0.10486503
3053,0.11017279
3054,0.067107156
3055,0.07411514
3056,0.08592554
3057,0.051039666
3058,0.05571931
3059,0.09004826
3060,0.49866313
3061,0.5001813
3062,0.45433658
3063,0.45102292
3064,0.47441328
3065,0.45854074
3066,0.34088743
3067,0.37449342
3068,0.37594575
3069,0.30155915
3070,0.3038377
3071,0.27668718
3072,0.18140662
3073,0.11787362
3074,0.12909171
3075,0.12226466
3076,0.12689488
3077,0.1240512
3078,0.12187198
3079,0.12120205
3080,0.17358777
3081,0.10904577
3082,0.094577014
3083,0.075351626
3084,0.055681333
3085,0.057195827
3086,0.10031465
3087,0.59901655
3088,0.6761477
3089,0.63086224
3090,0.6374887
3091,0.6319661
3092,0.5405927
3093,0.41596568
3094,0.41320813
3095,0.4160595
3096,0.39945656
3097,0.41231143
3098,0.34890643
3099,0.3197868
3100,0.24650313
3101,0.17906502
3102,0.1582589
3103,0.15495361
3104,0.17521648
3105,0.10095571
3106,0.08652357
3107,0.07930036
3108,0.071379006
3109,0.06397985
3110,0.05589219
3111,0.06371844
3112,0.05280551
3113,0.05233907
3114,0.7228246
3115,0.40137035
3116,0.34362727
3117,0.87926316
3118,0.59597677
3119,0.40449518
3120,0.6508875
3121,0.3540775
3122,0.26595652
3123,0.3062445
3124,0.226025
3125,0.14075166
3126,0.10959417
3127,0.07545531
3128,0.075502306
3129,0.15612863
3130,0.10309088
3131,0.07493766
3132,0.06838484
3133,0.06895332
3134,0.06070953
3135,0.03616161
3136,0.03793183
3137,0.035851195
3138,0.034177653
3139,0.03304088
3140,0.03758394
3141,0.2765616
3142,0.25296348
3143,0.1489671
3144,0.26666495
3145,0.24886991
3146,0.15168649
3147,0.20079675
3148,0.18697114
3149,0.11844957
3150,0.16598715
3151,0.1727765
3152,0.11143537
3153,0.0667769
3154,0.053665802
3155,0.05144846
3156,0.060631398
3157,0.061145987
3158,0.051093835
3159,0.10038245
3160,0.08934012
3161,0.081702255
3162,0.049029075
3163,0.03881041
3164,0.038294673
3165,0.037689876
3166,0.03458842
3167,0.04003273
3168,0.5197994
3169,0.4834943
3170,0.32461143
3171,0.55041313
3172,0.47951367
3173,0.2881852
3174,0.33203202
3175,0.25919726
3176,0.17132615
3177,0.32002968
3178,0.2830015
3179,0.1543051
3180,0.11782785
3181,0.08215961
3182,0.06060567
3183,0.09615566
3184,0.079843566
3185,0.06365236
3186,0.14902355
3187,0.14784583
3188,0.25202435
3189,0.19933619
3190,0.17314762
3191,0.10761087
3192,0.08786769
3193,0.0891817
3194,0.1709676
3195,0.81623435
3196,0.8078357
3197,0.7703332
3198,0.80947536
3199,0.81271756
3200,0.7448766
3201,0.58725584
3202,0.64742804
